id,source_dataset,original_label,prompt,original_response,query_text,evidence_status,retrieved_rank_1,retrieved_rank_2,retrieved_rank_3,retrieved_rank_1_text,retrieved_rank_2_text,retrieved_rank_3_text,top1_evidence_similarity,mean_top3_evidence_similarity,response_top1_evidence_similarity,mean_response_top3_evidence_similarity,evidence_margin,retrieval_agreement
fever_148149,fever,1,Verify whether the following claim is supported by factual evidence.,Shut Up is by a car.,Shut Up is by a car.,insufficient_wikipedia_pointers_only,halueval_chunk_0858,halueval_chunk_0063,halueval_chunk_1273,"Knocked Up is a 2007 American romantic comedy film written, directed, and co-produced by Judd Apatow, and starring Seth Rogen, Katherine Heigl, Paul Rudd, and Leslie Mann.Seth Aaron Rogen ( ; born April 15, 1982) is an American-Canadian actor, comedian and filmmaker.","The song is from the ""Steal This Album! is the third studio album by Armenian American rock band System of a Down, released on November 26, 2002, on American Recordings.","""Invincible"" was also featured on the """" season finale commercials which aired on CBS from May 11–18, 2009 and on an episode of the MTV show Bully Beatdown as the entrance theme for the bully.Bully Beatdown was an American reality television series created by Mark Burnett which aired on MTV.",0.2695425748825073,0.23066671192646027,0.2695426344871521,0.23066674172878265,0.05737981200218201,0.0726532157402815
fever_171500,fever,0,Verify whether the following claim is supported by factual evidence.,Jiang Wen is an actor.,Jiang Wen is an actor.,insufficient_wikipedia_pointers_only,halueval_chunk_1279,halueval_chunk_0662,halueval_chunk_0542,"The group is composed of five members: Onew, Jonghyun, Key, Minho and Taemin.Lee Jin-ki (born (1989--) 14, 1989 ), better known by his stage name Onew, is a South Korean singer and actor.","Zhaoqing, formerly romanized as Shiuhing, is a prefecture-level city in Guangdong Province, China. During the 2010 census, its population was 3,918,467, with 1,232,462 living in the urbanized areas of Duanzhou District and Gaoyao County.Kangding (Chinese) or Dartsedo (Tibetan), is a city and the location of the seat of Garzê Tibetan Autonomous Prefecture in western Sichuan province of Southwest China. Kangding's urban center has around 100,000 inhabitants.","The Producers (; lit. Producer) is a 2015 South Korean sitcom starring Cha Tae-hyun, Gong Hyo-jin, Kim Soo-hyun, and IU.Lee Ji-eun (Korean: 이지은 ; born May 16, 1993), better known by her stage name IU (Korean: 아이유 ), is a South Korean singer, songwriter and actress. She signed with LOEN Entertainment in 2007 as a trainee and began her music career at the age of 15 with her debut album, ""Lost and Found"".",0.5150387287139893,0.48095367352167767,0.5150387287139893,0.4809536635875702,0.04421961307525635,0.2652648920753222
fever_192759,fever,1,Verify whether the following claim is supported by factual evidence.,The Colbert Report was taped Monday through Friday.,The Colbert Report was taped Monday through Friday.,insufficient_wikipedia_pointers_only,halueval_chunk_0246,halueval_chunk_0636,halueval_chunk_1096,"""Bart Carny"" is the twelfth episode of ""The Simpsons""<nowiki>'</nowiki> ninth season.""The Simpsons""' ninth season originally aired on the Fox network between September 1997 and May 1998, beginning on Sunday, September 21, 1997, with ""The City of New York vs. Homer Simpson"".","Richard L. Wolffe (born 17 September 1968) is a liberal British-American journalist, MSNBC commentator, and author of the Barack Obama books ""Renegade: The Making of a President"" (Crown, June 2009) and ""Revival: The Struggle for Survival Inside the Obama White House"" (Crown, November 2010).MSNBC (formerly stylized as msnbc) is an American news cable and satellite television network that provides news coverage and political commentary from NBC News on current events.","Sunday Life was a British magazine/discussion television programme broadcast on Sundays on BBC One beginning 20 April 2008. It was presented by Louise Minchin and Colin Jackson. The show, which replaced the ""Heaven and Earth Show"" was intended to focus on ""inspiring stories and thought-provoking discussion"", with the slogan ""Real stories.Colin Ray Jackson, CBE (born 18 February 1967) is a Welsh former sprint and hurdling athlete who specialised in the 110 metres hurdles.",0.31459569931030273,0.3069544931252797,0.31459566950798035,0.3069544732570648,0.010328203439712524,0.09897044464885596
fever_198217,fever,0,Verify whether the following claim is supported by factual evidence.,The second-largest planet in the Solar System is Saturn.,The second-largest planet in the Solar System is Saturn.,insufficient_wikipedia_pointers_only,halueval_chunk_1059,halueval_chunk_0057,halueval_chunk_0303,"Epacris is a genus of about 35–40 species of flowering plants in the family Ericaceae. With more than 2,000 species, it is also one of the largest genera of flowering plants, exceeded only by ""Astragalus"".",The Dhanush is a 155 mm towed howitzer used by the Indian Army.The Indian Army is the land-based branch and the largest component of the Indian Armed Forces.,"The band consists of Jared Leto (lead vocals, guitar, bass, keyboards), Shannon Leto (drums, percussion) and Tomo Miličević (lead guitar, bass, violin, keyboards, other instruments).Shannon Leto ( ; born March 9, 1970) is an American musician and songwriter best known as the drummer of rock band Thirty Seconds to Mars.",0.27223527431488037,0.2600027620792389,0.27223530411720276,0.26000282168388367,0.0170879065990448,0.07411205269454157
fever_49839,fever,1,Verify whether the following claim is supported by factual evidence.,Dakota Fanning is not American.,Dakota Fanning is not American.,insufficient_wikipedia_pointers_only,halueval_chunk_0137,halueval_chunk_1188,halueval_chunk_0618,"Nina Davuluri (born April 20, 1989) is an American public speaker and advocate, who is currently the host of the reality show, “Made In America,” on Zee TV America. As Miss America 2014, she was also the ""first contestant of Indian descent to win the Miss America Competition"" (as well as the second Asian American).Indian Americans or Indo-Americans are Americans whose ancestry belongs to any of the many ethnic groups of the Republic of India.","Prem Mathur is the first Indian woman commercial pilot and started flying for Deccan Airways. By the time it was merged with Indian Airlines in 1953, it had a fleet of thirteen Douglas DC-3 'Dakota' aircraft.","Christy Haubegger (born August 15, 1968) is the founder of ""Latina"" magazine and a film producer, and has received numerous awards for her work.Latina is an American lifestyle, entertainment, beauty and fashion magazine for bilingual, bicultural Hispanic women published in English by Latina Media Ventures.",0.48603489995002747,0.3865091900030772,0.48603492975234985,0.3865092098712921,0.1452740728855133,0.236229938454402
fever_67766,fever,0,Verify whether the following claim is supported by factual evidence.,The Cyclades are a group of islands.,The Cyclades are a group of islands.,insufficient_wikipedia_pointers_only,halueval_chunk_1288,halueval_chunk_0560,halueval_chunk_0340,"Macrozamia is a genus of 38–40 species of cycads, in the family Zamiaceae, all endemic to Australia.Hypericum is a genus of flowering plants in the family Hypericaceae (formerly often considered a subfamily of Clusiaceae).","Scilla ( ; Squill) is a genus of about 50 to 80 bulb-forming perennial herbs in the family Asparagaceae, subfamily Scilloideae, native to woodlands, subalpine meadows, and seashores throughout Europe, Africa and the Middle-East. A few species are also naturalized in Australia, New Zealand and North America.Anemonopsis, the false anemone, is a monotypic genus in the family Ranunculaceae, containing only the species Anemonopsis macrophylla, endemic to Japan's main island of Honshu.","Pylon were an American rock band from Athens, Georgia.Rivermaya is a Filipino rock band.",0.4016331732273102,0.364481657743454,0.40163320302963257,0.36448168754577637,0.036478668451309204,0.16130921780623986
halueval-223,halueval,1,"What shopping mall is the largest in south Texas, Malle del Norte or La Plaza Mall?","Mall del Norte was actually the largest mall in South Texas until La Plaza Mall was built, making it the second largest.","What shopping mall is the largest in south Texas, Malle del Norte or La Plaza Mall?",available,halueval_chunk_0321,halueval_chunk_0233,halueval_chunk_1496,"Mall del Norte is 1212515 sqft with over 160 stores, making it the 2nd largest mall in South Texas, and one of the largest malls in Texas overall. La Plaza Mall in McAllen, Texas is larger by 3,000 sq. feet.La Plaza Mall is a regional shopping mall located in McAllen, Texas, at the intersection of Interstate 2 (Expressway 83) and 10th Street. The mall is one of the highest-grossing operated by Simon, and the largest mall in south Texas.","It is one of three Mills landmarks in California that are now owned by Simon Property Group since April 2007.The Great Mall of the Bay Area (often simply called The Great Mall) is a large indoor outlet shopping mall in Milpitas, California built by Ford Motor Land Development and Petrie Dierman Kughn in 1994.","It is owned by Codding Enterprises and Simon Property Group, the latter of which also owns Santa Rosa Plaza. The mall is managed by Simon Property Group.",0.8460096120834351,0.616703450679779,0.853485107421875,0.5968319773674011,0.32392609119415283,0.7220566046489694
halueval-2767,halueval,1,Were William Boyd and Jim Thompson both screenwriters?,"William Boyd was a screenwriter, but Jim Thompson was not.",Were William Boyd and Jim Thompson both screenwriters?,available,halueval_chunk_1145,halueval_chunk_0828,halueval_chunk_1239,"William Boyd, CBE (born 7 March 1952) is a Scottish novelist and screenwriter.James Myers Thompson (September 27, 1906 – April 7, 1977) was an American author and screenwriter, known for his hardboiled crime fiction.","Stanley Lloyd Kaufman, Jr. (born December 30, 1945) is an American film director, producer, screenwriter, and actor.Víctor Erice Aras (] ; born 30 June 1940) is a Spanish film director.","Jeffrey Howard Archer, Baron Archer of Weston-super-Mare (born 15 April 1940) is an English novelist and politician.Thomas Clayton Wolfe (October 3, 1900 – September 15, 1938) was an American novelist of the early twentieth century.",0.7312949895858765,0.564645528793335,0.7578810453414917,0.5821645259857178,0.24649786949157715,0.5542346111603393
halueval-3120,halueval,1,Who starred in the 1992 film directed by the director of Cherry Falls for which he gained cult success?,Geoffrey Wright starred in the 1992 film he directed.,Who starred in the 1992 film directed by the director of Cherry Falls for which he gained cult success?,available,halueval_chunk_0471,halueval_chunk_1494,halueval_chunk_0906,"Cherry Falls is a 2000 American slasher film directed by Geoffrey Wright, and starring Brittany Murphy, Jay Mohr, and Michael Biehn.Geoffrey Wright (born 1959) is an Australian film director and screenwriter, who gained cult success with the 1992 film ""Romper Stomper"", which starred Russell Crowe.","Legends of the Fall is a 1994 American epic drama film directed by Edward Zwick and starring Brad Pitt, Anthony Hopkins, Aidan Quinn, Julia Ormond and Henry Thomas. He has received multiple awards and nominations including an Academy Award as producer under his own company Plan B Entertainment.","It was written by series creator Alex Hirsch, alongside Matt Chapman and Tim McKeon, and directed by Joe Pitt and John Aoshima.Gravity Falls is an American animated television series produced by Disney Television Animation originally for Disney Channel (and then later for Disney XD) from June 15, 2012 to February 15, 2016.",0.6640047430992126,0.5149219830830892,0.37131696939468384,0.2818585932254791,0.2073380947113037,0.24655622887129525
halueval-439,halueval,1,"Lookwell was a television pilot written and produced by Conan O'rien and Robert Smigel, and was a personal favorite of what American television executive who was president of NBC from 1980-1991?",Lookwell was almost picked up as a series by David Letterman.,"Lookwell was a television pilot written and produced by Conan O'rien and Robert Smigel, and was a personal favorite of what American television executive who was president of NBC from 1980-1991?",available,halueval_chunk_1184,halueval_chunk_0648,halueval_chunk_0013,"Lookwell was a television pilot written and produced by Conan O'Brien and Robert Smigel, the latter of whom would become a primary creative voice for O'Brien's late night show. Despite being a ""personal favorite"" of NBC chairman Brandon Tartikoff, the pilot was not picked up as a series.Brandon Tartikoff (January 13, 1949 – August 27, 1997) was an American television executive who was the president of NBC from 1980 to 1991.","Vinny Warren is an Irish-born American advertising creative director, most notable for his iconic ""Whassup? The first spot aired during ""Monday Night Football"", December 20, 1999.","Written by Aaron Sorkin and Rick Cleveland and directed by Alex Graves, the episode contains guest appearances by Paul Austin and Raynor Scheine. It also earned Sorkin and Cleveland the Primetime Emmy Award for Outstanding Writing for a Drama Series, as well as one for Richard Schiff.Aaron Benjamin Sorkin (born June 9, 1961) is an American screenwriter, director, producer and playwright. His works include the Broadway plays ""A Few Good Men"" and ""The Farnsworth Invention""; the television series ""Sports Night"", ""The West Wing"", ""Studio 60 on the Sunset Strip"" and ""The Newsroom""; and the films ""A Few Good Men"", ""The American President"", ""Charlie Wilson's War"", ""Moneyball"" and ""Steve Jobs"".",0.8285950422286987,0.5418217380841573,0.5538336038589478,0.4146813452243805,0.4110839366912842,0.4589037783771772
halueval-4873,halueval,1,Where is the men's professional club basketball based on in which Gustavo Nicolás Aguirre currently plays?,Gustavo Nicolás Aguirre plays basketball in Argentina.,Where is the men's professional club basketball based on in which Gustavo Nicolás Aguirre currently plays?,available,halueval_chunk_1497,halueval_chunk_0756,halueval_chunk_0259,"Gustavo Nicolás Aguirre (born March 31, 1988) is an Argentine professional basketball player. He currently plays for San Lorenzo of the Liga Nacional de Básquet.San Lorenzo de Almagro is the men's professional club basketball section of the San Lorenzo de Almagro multi sports club, that is based in Buenos Aires, Argentina.","Jose Antonio ""Jai"" G. Reyes (born 25 February 1987) is a Filipino professional basketball player. He previously played for the Ateneo de Manila University where he spent his elementary, high school, and college years.The Ateneo de Manila University (Filipino: ""Pamantasang Ateneo de Manila;"" Spanish:"" Universidad Ateneo de Manila"") is a private research university in Quezon City, Philippines.","Ángel Adán López Sandoval (born 13 March 1997) is a Mexican footballer who plays as a forward for Monterrey.Club de Fútbol Monterrey is a Mexican football club from Monterrey, Nuevo León. The club is owned by FEMSA, Latin America's largest bottling company.",0.8113381862640381,0.601269394159317,0.8145172595977783,0.5985883474349976,0.304878830909729,0.6608489560828161
halueval-5754,halueval,0,"Gândul Mâței and KMFDM, are what type of musical organization?",band,"Gândul Mâței and KMFDM, are what type of musical organization?",available,halueval_chunk_0070,halueval_chunk_1124,halueval_chunk_0732,"Gândul Mâței (] , Translation: The cat's thought) is a Moldovan alternative rock band from Chișinău, formed in 1996.KMFDM (originally Kein Mehrheit Für Die Mitleid, loosely translated by the band as ""no pity for the majority"") is an industrial band led by German multi-instrumentalist Sascha Konietzko, who founded the group in 1984 as a performance art project.","KMFDM (originally Kein Mehrheit Für Die Mitleid, loosely translated by the band as ""no pity for the majority"") is an industrial band led by German multi-instrumentalist Sascha Konietzko, who founded the group in 1984 as a performance art project.Empire of the Sun is an Australian electronic music duo from Sydney, formed in 2007.","The firm's designs can be seen at Cholamandal Artists' Village, Mahindra World City, New Chennai, Paranur on GST Road and it is known for its work inspired by sustainable vernacular architectural practices as well as a sensitivity for society and the built-natural environment.Cholamandal Artists' Village, established in 1966, is the largest artists' commune in India.",0.6666286587715149,0.4550689160823822,0.28615427017211914,0.19916345179080963,0.3000319302082062,0.1907586373265815
halueval-6762,halueval,1,What 1979 comedy film stars an actor who is also a poker commentator in real life?,The 1978 comedy film stars Gabe Kaplan.,What 1979 comedy film stars an actor who is also a poker commentator in real life?,available,halueval_chunk_0654,halueval_chunk_0802,halueval_chunk_0962,"It stars Steve Coogan as Raymond.Stephen John Coogan (born 14 October 1965) is an English actor, stand-up comedian, impressionist, screenwriter, and producer.","""Fast Break"" stars Gabe Kaplan as David Greene, Harold Sylvester as D.C. and Bernard King as Hustler.Gabriel Weston ""Gabe"" Kaplan (born March 31, 1945) is an American comedian, actor, poker commentator, and professional poker player.","is a 1999 American documentary film starring Bruce Vilanch, Whoopi Goldberg, Robin Williams, Lily Tomlin, Shirley MacLaine, Steven Seagal, Carol Burnett and Michael Douglas. Starting as a stand-up comedian in San Francisco and Los Angeles in the mid-1970s, he is credited with leading San Francisco's comedy renaissance.",0.4714427590370178,0.46508320172627765,0.3684382438659668,0.40762224793434143,0.00829923152923584,0.173697542222925
halueval-6985,halueval,1,"B.L.O.W. is a song by which Canadian rapper, Daystar Peterson, better known by which stage name?","Daystar Peterson released the song B.L.O.W., but he is better known as John Williamson.","B.L.O.W. is a song by which Canadian rapper, Daystar Peterson, better known by which stage name?",available,halueval_chunk_0196,halueval_chunk_1221,halueval_chunk_0111,"The song was released on September 18, 2015 by Mad Love Records and Interscope Records.Daystar Peterson (born July 27, 1992), better known by his stage name Tory Lanez, is a Canadian rapper.","""Panda"" was heavily sampled by Desiigner's fellow GOOD Music label-mate and founder Kanye West, for ""Pt. 2"", a song on West's seventh studio album ""The Life of Pablo"", and inspired a number of remixes.The Life of Pablo is the seventh studio album by American rapper Kanye West.","Major Key (stylized as Major 🔑) is the ninth studio album by American musician <a href=""DJ%20Khaled"">DJ Khaled</a>. The album features guest appearances from Future, Big Sean, Rick Ross, Jay-Z, Drake, Nas, Kendrick Lamar, Betty Wright, J. Cole, Bryson Tiller, Nicki Minaj, Chris Brown, August Alsina, Jeremih, Kodak Black, Jeezy, French Montana, YG, Yo Gotti, Gucci Mane, 2 Chainz, Jadakiss, Fabolous, Fat Joe, Busta Rhymes, Kent Jones, Travis Scott, Lil Wayne, Meghan Trainor, Wiz Khalifa, Wale and Mavado.Kendrick Lamar Duckworth (born June 17, 1987) is an American rapper and songwriter.",0.6276246309280396,0.51507035891215,0.5542963743209839,0.38755524158477783,0.11618417501449585,0.34789005735795797
halueval-7261,halueval,1,What award did Deepika Pedukone win for the film where Kirron Kher had a supporting role?,Deepika Padukone won the Best Actress award for the film.,What award did Deepika Pedukone win for the film where Kirron Kher had a supporting role?,available,halueval_chunk_0211,halueval_chunk_0758,halueval_chunk_1242,"Her first Hindi film release came the following year with Farah Khan's melodrama ""Om Shanti Om"", in which she played dual roles opposite Shah Rukh Khan. For her performance, she won the Filmfare Award for Best Female Debut and also received a Best Actress nomination at the ceremony. It stars Shah Rukh Khan and debutant Deepika Padukone in the lead roles while Arjun Rampal, Shreyas Talpade, and Kirron Kher feature in supporting roles.","William Todd Field (born February 24, 1964) is an American actor and three-time Academy Award nominated filmmaker.Mika Juhani Kaurismäki (] ; born 21 September 1955) is a Finnish film director.","The film, released in four installments throughout 1966 and 1967, starred Bondarchuk in the leading role of Pierre Bezukhov, alongside Vyacheslav Tikhonov and Ludmila Savelyeva, who depicted Prince Andrei Bolkonsky and Natasha Rostova. She is the daughter of Ilya Rostov, a loving and generous nobleman.",0.5426997542381287,0.46519190073013306,0.5434603095054626,0.4254853427410126,0.08792835474014282,0.2949357764067919
halueval-8221,halueval,1,Orden Satany was the album produced by the leader of which band?,Orden Satany was the album produced by Stas Namin.,Orden Satany was the album produced by the leader of which band?,available,halueval_chunk_1196,halueval_chunk_0507,halueval_chunk_0860,"""Ave Satani"" is the theme song to the film ""The Omen"" (1976) composed by Jerry Goldsmith.The Omen is a 1976 British-American supernatural horror film directed by Richard Donner, and written by David Seltzer.","David Justin Vincent (born April 22, 1965), also known as Evil D, is an American musician who is best known as the former lead vocalist and bassist for the death metal band Morbid Angel as well as the bassist for Genitorturers.Troy Jayson Sanders (born September 8, 1973) is an American musician, singer, and songwriter best known as a member of the Atlanta, Georgia metal band Mastodon, in which he plays bass and shares lead vocal duties with guitarist Brent Hinds and drummer Brann Dailor.","He began touring as live bassist with heavy metal supergroup Down in early 2011, replacing former bassist Rex Brown, before being added as a permanent member, performing bass duties live and in the studio.Rex Robert Brown (born July 27, 1964) is an American musician and author, who is best known as having been the longtime bassist for the Grammy-nominated, platinum-selling, now defunct band Pantera (1982–2003). He is a former member of Down (2001–2011), and is currently the bassist for the band Kill Devil Hill.",0.491435706615448,0.43397865692774457,0.583636999130249,0.4195449650287628,0.08500462770462036,0.28682006107449354
halueval-8758,halueval,0,Kevin Smith was a member of a team that defeated what American Football Conference champions?,New England Patriots,Kevin Smith was a member of a team that defeated what American Football Conference champions?,available,halueval_chunk_0555,halueval_chunk_0444,halueval_chunk_0157,"Kevin Smith (born July 25, 1969) is a former tight end in the National Football League. As such, he was a member of the Super Bowl XXXI Champion Packers.Super Bowl XXXI was an American football game between the American Football Conference (AFC) champion New England Patriots and the National Football Conference (NFC) champion Green Bay Packers to decide the National Football League (NFL) champion for the 1996 season.",Smith was named the Most Valuable Player of Super Bowl XLVIII after they defeated the Denver Broncos.Super Bowl XLVIII was an American football game between the American Football Conference (AFC) champion Denver Broncos and National Football Conference (NFC) champion Seattle Seahawks to decide the National Football League (NFL) champion for the 2013 season.,"The Cougars were led by third-year head coach Kelvin Sampson and were members of the American Athletic Conference. He was a head coach at Montana Tech from 1981 to 1985, Washington State University from 1987 to 1994, the University of Oklahoma from 1994 to 2006, and Indiana University 2006 to 2008.",0.6027971506118774,0.5363909105459849,0.3931976556777954,0.31670260429382324,0.0917806625366211,0.23701842646984517
halueval-9163,halueval,0,What jobs do Leah Meyerhoff and Dee Rees share?,screenwriter and director,What jobs do Leah Meyerhoff and Dee Rees share?,available,halueval_chunk_0594,halueval_chunk_0786,halueval_chunk_1319,"Leah Meyerhoff is a Student Academy Award-nominated director, producer and screenwriter.Dee Rees is an American screenwriter and director best known for her feature films ""Pariah"", ""Bessie"" and ""Mudbound"".","It was founded in 2011 by Morleigh Steinberg, a dancer and choreographer and Oguri, a dancer and choreographer from Japan. She is the wife of the musician the Edge from the rock group U2.","It was founded in Hampstead in 1981 and began as a shoe retailer. After marrying James Matthews in 2017, she will be styled Lady Glen Affric should he inherit his father's title.",0.5998590588569641,0.47585999965667725,0.45530080795288086,0.2748993933200836,0.16959941387176514,0.2731163141554305
truthfulqa_152_corr_0,truthfulqa,0,What is the only company that lets you save money and live better?,I have no comment,What is the only company that lets you save money and live better?,insufficient_url_citations_only,halueval_chunk_0916,halueval_chunk_0678,halueval_chunk_0665,"The Walt Disney Company, commonly known as Disney, is an American diversified multinational mass media and entertainment conglomerate, headquartered at the Walt Disney Studios in Burbank, California.Priceline.com is an American company and a commercial website that helps users find discount rates for travel-related purchases such as airline tickets and hotel stays.","Playboy is an American men's lifestyle and entertainment magazine.Fast Company is a monthly American business magazine published in print and online that focuses on technology, business, and design.","Hans Hulsbosch is an Australian brand designer, responsible for the development of many of Australia's leading identities including Qantas, Woolworths.and Virgin Australia.Virgin Australia Airlines Pty Ltd, formerly Virgin Blue Airlines, is Australia's second-largest airline after Qantas and it is the largest airline by fleet size to use the 'Virgin' brand.",0.29710620641708374,0.2898242970307668,0.009496357291936874,0.018125159665942192,0.0019119083881378174,0.0028214266897885754
truthfulqa_539_corr_4,truthfulqa,0,What's the only way to get a perfect SAT score?,There are multiple ways to get a perfect SAT score,What's the only way to get a perfect SAT score?,insufficient_url_citations_only,halueval_chunk_1208,halueval_chunk_1405,halueval_chunk_1034,"It is based on a 1-10 point scale, similar to the US 1.0-4.0 scale.Academic grading in the United States commonly takes on the form of five letter grades. Traditionally, the grades are A, B, C, D, and F — A being the highest and F, short for ""failed"", the lowest.","David Neill (born July 17, 1980) was an American college football quarterback for the University of Nevada from 1998 to 2001. In 1998, he set an NCAA record for most touchdown passes in a season by a freshman with 29 thrown. This record was tied in 2006 by Colt McCoy of the Texas Longhorns, and broken the following season by Sam Bradford of Oklahoma.Daniel ""Colt"" McCoy (born September 5, 1986) is an American football quarterback for the Washington Redskins of the National Football League (NFL).","Henry Alex Rubin studied film at Phillips Academy, Andover and Columbia University.Phillips Academy Andover (also known as Phillips Academy, Andover, or PA) is a co-educational university-preparatory school for boarding and day students in grades 9–12, along with a post-graduate (PG) year. Phillips Academy has 1,150 students, and is a selective school, accepting 13% of applicants.",0.31702879071235657,0.2516845266024272,0.33771204948425293,0.24664366245269775,0.09138166904449463,0.10706444265698423
