model,feature,tp_mean,tp_median,fn_mean,fn_median,cohen_d_tp_vs_fn,tn_mean,tn_median,fp_mean,fp_median,cohen_d_tn_vs_fp,correct_mean,correct_median,incorrect_mean,incorrect_median,cohen_d_correct_vs_incorrect
Logistic Regression,min_log_prob,-10.16648817982913,-9.586177825927734,-8.154717718878537,-7.808316230773926,-0.5008666599967981,-5.3304618133377994,-3.275939702987671,-10.839124305125994,-10.73554801940918,1.1777404133167433,-7.820582745586814,-8.008289337158203,-9.564709057109525,-9.979233741760254,0.3612620007282098
Logistic Regression,mean_log_prob,-2.362302106608544,-1.95112535253995,-3.177337712953768,-2.708466874063015,0.4768158985906171,-2.4116989558631827,-1.129271193277964,-2.9827020951624426,-2.85515710432188,0.2459997295602918,-2.3862639976982694,-1.7407240626152998,-3.075104863204789,-2.825999602074929,0.33820926585849975
Logistic Regression,mean_token_prob,0.5050404013995962,0.5387241149858354,0.3898930661259644,0.3712492074037722,0.5137650378709724,0.5247631927804087,0.5854948049032604,0.4135787000407028,0.39597304869278,0.38452033535435526,0.5146077196837279,0.545855511398986,0.4023340051518876,0.3904884301126003,0.43418665265089434
Logistic Regression,token_prob_std,0.3771182288144594,0.3932824394121076,0.3175529894725925,0.34241731738737324,0.6088571686134011,0.25913543170367853,0.26925895224206037,0.3724092730012785,0.3836089847811255,-0.7816013703319719,0.3198860170947168,0.36775222190036294,0.3463663909220033,0.3694312995207652,-0.19892806977177382
Logistic Regression,mean_entropy,1.4697670969717873,1.2097949888411677,1.9226268655146737,1.7788859605789185,-0.46379310955132413,1.4541621972095213,1.1170799111326537,1.880984225765132,1.8037892844794052,-0.4042839089964972,1.4621973245224975,1.1555558269222577,1.9007539638280453,1.8011482887502228,-0.4317845115627146
Logistic Regression,max_entropy,3.894394001905522,3.8389854431152344,3.637451044633879,3.5365004539489746,0.17195720261483213,2.8421217316502063,2.747989773750305,4.3576154588506775,4.6792356967926025,-0.9536506186089918,3.383947811165369,3.2576470375061035,4.015719221798258,3.925830841064453,-0.392143218679593
Logistic Regression,entropy_std,1.1736414173160667,1.174152103717321,1.1637438710572179,1.1216447751907177,0.021208648195608037,0.9902682341145387,0.9982984252304556,1.3137029271580662,1.3614929596013488,-0.6422351793923717,1.0846890183077709,1.0848542356007378,1.2425102439586737,1.2773692408301607,-0.3204905753679714
Logistic Regression,log_perplexity,2.362302106608544,1.95112535253995,3.177337712953768,2.708466874063015,-0.4768158985906171,2.4116989558631827,1.129271193277964,2.9827020951624426,2.85515710432188,-0.24599972956029184,2.3862639976982694,1.7407240626152998,3.075104863204789,2.825999602074929,-0.33820926585849975
Logistic Regression,log_mean_token_rank,3.1854630840675413,2.6390573296152584,3.411813429200113,2.995732273553991,-0.10759278960845814,2.387363718926034,1.0986122886681098,3.8378831762961827,3.8204312721316214,-0.673676905402037,2.7983134914342855,1.8769172775683618,3.635607639796028,3.4531571205928664,-0.38884235564014363
Logistic Regression,log_max_token_rank,5.089467446860825,4.820281565605037,4.649200179714451,4.276666119016055,0.1726424087079287,3.0752943567317117,1.7005986908310775,5.803185429433399,6.059616990448816,-1.0216622468519625,4.112413303736564,3.4965075614664802,5.255333846233494,5.220355825078324,-0.41563500424508815
Logistic Regression,log_rank_std,3.8861104494602547,3.629336855753881,3.6898036771643894,3.3658054761947707,0.07846262742122805,2.143234843490228,0.7164565883825983,4.630330692538567,4.839995630802697,-0.9610421203352422,3.0406598572998442,2.241546761120481,4.183817867057896,4.156620989032701,-0.43137892143671835
Logistic Regression,exact_match_agreement,0.2637065637065637,0.0,0.051773049645390076,0.0,0.6682569844346329,0.27459016393442626,0.0,0.08269230769230769,0.0,0.5821569032119404,0.268986083499006,0.0,0.06801346801346801,0.0,0.6218039229764737
Logistic Regression,mean_pairwise_similarity,0.7801433309164747,0.8061119914054871,0.7815156399358248,0.8079001307487488,-0.008774434478931335,0.7970598690578194,0.8201537430286407,0.7806753432139372,0.8104347288608551,0.10298227464997711,0.7883493653230117,0.8152551651000977,0.781074271960692,0.808294415473938,0.04613231159996269
Logistic Regression,min_pairwise_similarity,0.6383429131610858,0.7065216302871704,0.6440780911039798,0.6854175925254822,-0.022735403140690367,0.6635130685983134,0.7227937579154968,0.6616781966354793,0.7113272249698639,0.007169907127022925,0.6505526903513116,0.7119877338409424,0.6533225909791109,0.7078232765197754,-0.01090399315958315
Logistic Regression,max_pairwise_similarity,0.9393457915331866,0.9797353744506836,0.9204333141340432,0.9328819513320923,0.23903025163525143,0.9476629603104513,0.9843785762786865,0.904014568680372,0.9176291525363922,0.5332196366641082,0.9433803624708658,0.983301043510437,0.9118093266230239,0.9262310266494751,0.39158538522445857
Logistic Regression,pairwise_similarity_std,0.11182746984258754,0.06758157908916473,0.09271245944505253,0.0640568733215332,0.2041671497243545,0.10702967393158584,0.06011701188981533,0.08208288731148992,0.05974675342440605,0.25578043412668444,0.10950010959947737,0.06257878243923187,0.0871292498395449,0.06161124259233475,0.2341220214004748
Logistic Regression,mean_pairwise_entailment,0.41694872756177054,0.3139445243459152,0.19600135282298364,0.11703739846091676,0.7311299004735579,0.4148755278033878,0.3081230035359183,0.2205893266246796,0.12307461271450115,0.6034144320699889,0.4159430402038274,0.311672090557858,0.20891624815316737,0.11980897377729645,0.6636641760907794
Logistic Regression,mean_pairwise_contradiction,0.20865191692369436,0.1036760242246327,0.2775351512884748,0.21682633026447756,-0.2838283770713928,0.20713249342901888,0.11686912017983436,0.2693124054563078,0.22348161344284032,-0.26787811902882214,0.20791486059625736,0.11206870361587455,0.27321613327561944,0.21944165532673007,-0.27532160453641596
Logistic Regression,nli_disagreement,0.39585159468096187,0.4200478209169113,0.5407668992327456,0.5381273570368603,-0.6181391677712965,0.39612848281281554,0.4420419357863689,0.5243615394158141,0.5499711836063297,-0.5294327401830954,0.395985910196215,0.427951189246822,0.532149942561226,0.5487410704538653,-0.5718571653184938
XGBoost,min_log_prob,-9.539131528875801,-9.324326515197754,-9.293139238554732,-9.063803672790527,-0.05957818744089556,-6.3837913236318435,-5.4566969871521,-9.916207005900722,-10.271714210510254,0.6868419373809598,-7.935312198033568,-8.156140327453613,-9.593763375328672,-9.979233741760254,0.3427038533843024
XGBoost,mean_log_prob,-2.3429013872847393,-1.7221180505086002,-3.2653097197975107,-3.1627512504783226,0.5431194405431524,-2.5035372211539064,-1.952452590386106,-2.9256435406248333,-2.521770985397909,0.18118643304116258,-2.424550540411609,-1.806117221713066,-3.1014240924924055,-2.884314606568831,0.3318982954992005
XGBoost,mean_token_prob,0.5200304809326922,0.5748658565338701,0.35287404418968094,0.3349536573156141,0.7707014356072939,0.504410231588267,0.4913689237208018,0.4301876800516747,0.4524802904965478,0.25401441080709686,0.5120909066802772,0.5383642829954625,0.3901771214149231,0.36523547664745076,0.4725252701675914
XGBoost,token_prob_std,0.3746080917800196,0.3890405129728664,0.3190092652128969,0.34821736572657447,0.5646572781228849,0.2835816358152065,0.3227127060887202,0.34722871321693555,0.38908337419771316,-0.41786060136776565,0.3283405009028771,0.36717685362621677,0.3326248743665965,0.37128467083142574,-0.03204102600300322
XGBoost,mean_entropy,1.447456562969994,1.0937936129048467,1.994655367220102,1.8529305048286915,-0.5663047718372404,1.5022940140655294,1.2599494580386414,1.883999737551594,1.7758751142895823,-0.3595816073125362,1.4753297425323655,1.1560814157128334,1.941265102321678,1.8196827131323516,-0.4592858792158228
XGBoost,max_entropy,3.778445135788078,3.640317678451538,3.8547653573796263,3.7539350986480713,-0.050919121806411005,3.052845055838048,2.847419857978821,4.279681279774635,4.477016448974609,-0.7396798585196337,3.4096318354819855,3.2784085273742676,4.059783156511848,4.101102828979492,-0.40347386452097805
XGBoost,entropy_std,1.1741880644738432,1.139854666813768,1.162051125484308,1.1726328477239518,0.02600788121300625,1.0215165933110009,1.0702719061295394,1.3276171452158836,1.3828196126116028,-0.6020633593532024,1.0965870957059896,1.0977862581230027,1.2419351194403987,1.2888238841226163,-0.2944270312038318
XGBoost,log_perplexity,2.3429013872847393,1.7221180505086002,3.2653097197975107,3.1627512504783226,-0.5431194405431524,2.5035372211539064,1.952452590386106,2.9256435406248333,2.521770985397909,-0.18118643304116258,2.424550540411609,1.806117221713066,3.1014240924924055,2.884314606568831,-0.3318982954992005
XGBoost,log_mean_token_rank,3.10193462457154,2.4368974306016398,3.593113440076,3.429368258628852,-0.2345930811886252,2.5773511905817315,1.488077055429833,3.7893354380612823,3.9898814053080205,-0.5518556973941013,2.8352955310518584,1.9315214116032138,3.6877886453295985,3.597312260588446,-0.39567935226988876
XGBoost,log_max_token_rank,4.857946963364825,4.499809670330265,5.087499660588594,4.990432586778736,-0.08978918675630339,3.5059741724677993,2.302585092994046,5.5485474067180265,6.038067394207891,-0.7216410489722102,4.170756373516613,3.58351893845611,5.309950713195791,5.43372200355424,-0.413678764399162
XGBoost,log_rank_std,3.710361740959024,3.174563406461412,4.030814586874626,4.033858532080634,-0.12822721324611003,2.5222502765557553,1.2254134398411116,4.428546883211642,4.874035214583694,-0.701002815556933,3.106459781151838,2.385311594209689,4.222716550866028,4.347776745262498,-0.42022853806582494
XGBoost,exact_match_agreement,0.2606741573033708,0.0,0.045112781954887216,0.0,0.6799042169926559,0.24818840579710144,0.0,0.09193548387096775,0.0,0.46645023642771166,0.2543278084714549,0.0,0.06770428015564202,0.0,0.5723938561290904
XGBoost,mean_pairwise_similarity,0.7835040662842296,0.8038862347602844,0.7748514454167589,0.8115432858467102,0.05534257450600902,0.8041753328364828,0.8306608200073242,0.7606094332952653,0.7833424210548401,0.2757052801485621,0.7940110083991871,0.8188770413398743,0.7679798131091121,0.8024548292160034,0.16551951663772052
XGBoost,min_pairwise_similarity,0.6359587609698152,0.6976137161254883,0.6492092945521936,0.7187625765800476,-0.05254084506200807,0.6793899062643016,0.7303102314472198,0.6258659135820644,0.6805651485919952,0.21013830755474278,0.658034260235521,0.7148739695549011,0.6379463403097966,0.69984370470047,0.07913112369238985
XGBoost,max_pairwise_similarity,0.943223211425967,0.9915838241577148,0.9115117281899416,0.9251445531845093,0.4054269225794163,0.9441735809263976,0.9673113822937012,0.900517150759697,0.9203212261199951,0.5315043737795389,0.9437062721665174,0.972136914730072,0.9062069515309908,0.9225280284881592,0.4677913462673592
XGBoost,pairwise_similarity_std,0.11466395990113808,0.07712440192699432,0.08586837727352417,0.05554869398474693,0.30935514250164076,0.09800638080459843,0.058840373530983925,0.09572911095024357,0.06325467675924301,0.023169775836824346,0.10619712411726158,0.06330028921365738,0.09062608535100745,0.06028502434492111,0.16238942029095776
XGBoost,mean_pairwise_entailment,0.42766168762264894,0.34151682094662167,0.1612048164758796,0.09766014429388618,0.9050076265419665,0.3753098864721844,0.23154648741114608,0.2585164118641432,0.16488868377386284,0.35252615674909454,0.40105193234174985,0.30189232470456895,0.20815671463986668,0.12288997754597582,0.6124251174184497
XGBoost,mean_pairwise_contradiction,0.17730086644004972,0.08276896277354948,0.34461632688284594,0.3313002829074693,-0.7217236418177041,0.23901330213488045,0.16660717641339534,0.21439832466643247,0.1499625994447252,0.10527112214126215,0.20866851331256037,0.11556795836375526,0.28178740752551024,0.22195973124533283,-0.30875118142602226
XGBoost,nli_disagreement,0.37481958940870036,0.40277324213485477,0.5917057552034832,0.5899534017364723,-0.976946193873881,0.431851707831348,0.48787158613645165,0.4779409564011446,0.5009876550461296,-0.1848904355338624,0.4038082904854053,0.43475252946127874,0.5368153464428218,0.5491006944839948,-0.5562900886129938
